{
  "name": "potato-or-not",
  "title": "Potato Or Not",
  "description": "Is your computer a potoato or not? If so, this mod will prompt you that you might want to turn down your graphics.",
  "systems": [],
  "version": "0.1.1",
  "author": "Wasp (Wasp#2005)",
  "esmodules": [
    "main.js"
  ],
  "minimumCoreVersion": "0.7.7",
  "compatibleCoreVersion": "0.7.7",
  "url": "https://github.com/Haxxer/FoundryVTT-ShortRestRecovery",
  "manifest": "https://raw.githubusercontent.com/Haxxer/FoundryVTT-PotatoOrNot/main/potato-or-not/module.json",
  "download": "https://github.com/Haxxer/FoundryVTT-PotatoOrNot/raw/main/potato-or-not.zip"
}
